movie_id,title,overview,genre_ids,keywords,language
1036081,Khalifa: The Ruler,"Aamir Ali, a notorious gold smuggling kingpin who inherited his multi-million dollar criminal enterprise from a lineage of gangsters, is drawn into a web of vengeance, legacy and power.","[80, 28]",,ml
1508168,Bethlehem Kudumba Unit,"Ashley's homecoming from abroad takes an emotional turn when a wedding next door stirs memories of her first love, Justin.","[10749, 35, 18]","affectation, candid, hilarious",ml
1545486,Unmadham,"Haunted by his past, a police constable reopens an unsolved cold case. As hidden secrets surface, he must confront truths that challenge his beliefs forever.","[9648, 53]",,ml
1250502,I'm Game,A fearless gambler who trusts luck more than life gets caught in a series of crazy and unexpected events that turn his world upside down.,"[28, 53, 18]","sports gambling, joyful, sports betting",ml
927547,All We Imagine as Light,"In Mumbai, Nurse Prabha's routine is troubled when she receives an unexpected gift from her estranged husband. Her younger roommate, Anu, tries in vain to find a spot in the city to be intimate with her boyfriend. A trip to a beach town allows them to find a space for their desires to manifest.","[18, 10749]","nurse, roommates, meditative",ml
1506736,Thudakkam,"When danger strikes, a young woman fights to survive through courage and determination.","[28, 18]",,ml
1415460,Idi Mazha Kaattu,"A migrant counselor's life takes an unexpected turn when she joins four unusual patients on a transformative journey through Kerala, blending elements of adventure and social commentary.","[28, 53]",,ml
1542187,Varavu,A family falls victim to the powerful elite in a small town. One man's return forces a confrontation that will expose decades of lies and corruption,"[28, 53]",,ml
151920,Swapna Sanchari,"Ajaychandran returns to Kerala from the Gulf as a rich man. However, his tendency to show-off his wealth in his village lands him in debt and reduces his fortunes to nothing.",[18],,ml
409398,Kismath,"Irfan, a young Muslim boy, falls in love with a Hindu girl, Anita who is much older than him. However, when their families oppose their relationship, the duo seeks help from the police.","[10749, 18]","muslim, hindu, ponnani",ml
847742,Drishyam 3,"To protect his family and their dark secret, Georgekutty faces an organized new threat. As walls close in and cracks widen, how much more is he willing to sacrifice?","[80, 18, 53]",,ml
1469458,Sambhavam Adhyayam Onnu,"Three Kerala Police officers venture into a mysterious forest on the Kerala-Tamil Nadu border to find a missing officer. They encounter strange time-related phenomena, uncovering the hidden secrets of Velloorkkatt forest.","[14, 53, 18]","time loop, trapped soul, haunted forest",ml
969618,Udal,"A woman, looking after her ailing mother-in-law is at breaking point. What happens when she can't take any more?","[18, 53]",,ml
1704200,Hail Mary,,[],,ml
1410937,Balan - The Boy,"A teenage boy searches for his missing mother following a turbulent childhood and her subsequent disappearance, exploring his search for closure and the truth about his past.","[18, 53]",psychological thriller,ml
1248251,Mollywood Times,"Vineeth Madhavan tries hard to become Malayalam cinema's greatest horror filmmaker, but will the toxic industry affect his dream?","[35, 18]","coming of age, filmmaker, amused, aspiring filmmaker",ml
350787,Pandippada,"Bhuvana wishes to sell his land to clear his debts. However, his life takes a turn for the worse when he finds himself caught in the power battle between two landlords.",[35],,ml
1071249,Valatty,"Tomy and Amalu are forced to elope when she gets pregnant, against their owners' wishes. As they leave home, they form a friendship with Kari after they are adopted by his owner. But then an agent of an animal testing center captures Amalu. Tomy and Kari must now find and rescue Amalu.","[12, 35, 18]",,ml
912378,Dridam,"A police officer arrives at a seemingly peaceful station but faces pressure when human remains are discovered. Given only a week to solve the murder, he must navigate demands from his department and an anxious public seeking swift justice.","[80, 53]",investigation,ml
1300501,Patriot,"When a Malayali DRW analyst tries to expose a corrupt regional politician from Kerala and his malpractices regarding spyware, he goes on the run, becomes a vlogger, and must clear his name of the false allegations levelled against him.","[28, 18, 53]","spy, politician, secret agent, covert operation, commando, patriot, corrupt politician, military, political thriller, cyber terrorism, 2010s, youtuber, spyware, patriotic",ml
869227,Super Sharanya,"Sharanya, an ordinary small-town girl from Palakkad, who moves to Thrissur for higher studies, finds herself changing as she meets Deepu.","[35, 10749]",coming of age,ml
1166133,Bramayugam,"A folk singer in 17th-century Kerala discovers a mansion. Inside, he encounters an enigmatic cook and a powerful master, setting in motion a chain of events that changes his life.","[27, 53, 18]","black magic, sorcerer, black and white, witchcraft, dark fantasy, old mansion, folk horror, folktale, haunted mansion, supernatural horror, experimental, arthouse horror, arthouse, fantasy folk",ml
1065834,Kattalan,"Power-hungry forces clash in the Ivory cartel war-a fierce story of control, vengeance, and survival where compassion vanishes and only the ruthless endure.","[28, 53]",mikhael extended universe (meu),ml
472221,The Goat Life,"Indian migrant worker Najeeb Muhammad goes to Saudi Arabia to earn money. However, in a twist of fate, he finds himself living a slave-like existence, herding goats in the middle of the desert.","[18, 12]","based on novel or book, based on true story, missing person, migrant worker, goat life",ml
1336770,Vaazha II,"Four friends – Hashir, Alan, Ajin and Vinayak – are considered losers and troublemakers by parents, family and the school management. They face immense social pressure as they reach adulthood, embarking them on an emotional journey of self discovery and acceptance, where they finally learn to take up their responsibilities and find success.","[35, 18]",,ml
1588472,L&O - Law and Order,"After losing his son to a drug empire, DYSP Balagopal joins four fearless recruits to take down the ruthless Pacha and his cartel. The return of legendary gangster Karikkamuri Shanmughan sets the stage for an explosive final showdown","[80, 53]",,ml
1149791,Premalu,"Sachin, a carefree graduate, crosses paths with Reenu, a spirited IT professional, in Hyderabad. As their friendship deepens, unspoken feelings, career ambitions and life choices challenge their bond.","[10749, 35]",romcom,ml
1186350,Marco,"The adoptive son of the Adattu family, Marco, sets off on a ruthless quest for vengeance after his brother is brutally murdered, finding only betrayal, loss and unimaginable brutality at every step.","[28, 80, 53]","toxic, revenge killing, family man, shocking, aggressive, blind man, action hero, perfumer, loss of brother, amused, enraged, mikhael extended universe (meu)",ml
1561144,Madhuvidhu,"When Amrutharaj, a groom from an all-male household repeatedly rejected by brides' families, falls in love with Sneha Marcose, their journey toward marriage ignites a chain of hilarious chaos inside his unruly home.","[10751, 35, 18]",,ml
959894,Pallichattambi,"Set in the politically turbulent late 1950s, Krishnan Pillai, a playful ruffian chosen by the Church to lead a defensive force, the Christopher Sena. His mission to resist the Communist government takes a detour when he experiences an ideological awakening and falls in love with a comrade, sparking an epic tale of rebellion against feudal power and oppression.","[28, 18]",,ml
1576369,Bharathanatyam 2 Mohiniyattam,"The family's journey to Sreekandapuram to settle the late Bharathan Nair's second wife and son takes a dark turn when an issue from his past resurfaces, leading to an unexpected crime. Forced into a desperate cover-up to protect their future, the family must navigate a treacherous path of secrecy and mounting pressure, determined to overcome any obstacle by any means necessary.","[35, 53]","dark comedy, family secrets, dark humor",ml
713374,British Market,"British Market is a 1998 Malayalam film directed by Nizar and starring Vijayaraghavan, Jagathy Sreekumar, Sudheesh and Anju Aravind in major roles.",[],,ml
1254590,Kalamkaval,"Early 2010s. A routine Kerala Police inquiry in the quiet village of Kottayikonam takes an unexpected turn when a trail of seemingly minor clues unravels into a string of disturbing cases. The investigation soon crosses into Tamil Nadu, revealing unsolved mysteries that have lingered for years.","[80, 18]",,ml
1533928,Bachelor Party D'eux,,"[28, 35, 80]",,ml
1510767,Athiradi,"Energetic student Samkutty revives a banned college festival, igniting a fierce rivalry that transforms celebration into chaos.","[35, 18]","college, campus life, college campus",ml
1473354,Sarvam Maya,"An atheist priest's life is upended after performing an exorcism, bonding with a charming spirit who helps him pursue music and heal his past.","[35, 10751]",,ml
1339676,"I, Nobody","Rajeevan, an ordinary government employee, witnesses something he was never meant to see and is thrust into the centre of a serious crime. Branded a troublemaker and hunted by the system, he must protect his family while fighting to survive against forces far beyond his control.","[80, 28, 53]",,ml
1290190,Lokah Chapter 1: Chandra,"The story follows Chandra, a mysterious, goth-influenced woman who has just moved to Bangalore and begins working night shifts at a café. Across the road from her apartment live Sunny and Venu, two aimless bachelors. Sunny becomes infatuated with Chandra, observing her odd routines, strange visitors, and reclusive nature. Their dynamic changes when Sunny gets a glimpse of Chandra in her act.","[28, 12, 14]","female superhero, vampiress (female vampire), supernatural ability, wayfarer cinematic universe (wcu)",ml
1516501,Prathichaya,"After Kerala’s Chief Minister dies in a scandal engineered by a ruthless media tycoon, his son a brilliant tech entrepreneur enters the blood-soaked arena of politics to expose the conspiracy, vindicate his father, and turn technology against those who weaponized it","[53, 18]","political, political drama",ml
1404521,Chinna Chinna Aasai,"On the enchanting shores of Varanasi, two souls meet by chance. Somewhere within this unfolding chaos, an unspoken bond begins to form, slowly slipping beyond friendship.","[18, 10749]",,ml
1326891,Ananthan Kaadu,"In a turbulent era of intense political unrest, four musical mercenaries rule over dangerous slums, whereupon they navigate complex power dynamics to survive a transformative period in history.","[28, 53]","historical drama, 1980s, political turmoil, social unrest, true story",ml
866440,2018,A disaster film set during the 2018 Kerala Floods where people from all walks of life faced catastrophic consequences and put in collective efforts to survive the calamity.,"[53, 28, 12]",kerala flood,ml
1565036,Operation Ganga,,"[28, 53]",,ml
1720240,Sathyathil Sambhavichathu,"A long-standing legend speaks of treasure hidden beneath village ponds and wells, with only one man ever claiming to have found it. When clues about the lost treasure begin to surface, a series of misunderstandings, unexpected discoveries, and amusing consequences unfold, blending mystery with humor.",[35],,ml
1502062,Hello Dear,,"[10749, 35]",,ml
1658462,Picnic,,"[10751, 10749, 35]",,ml
1740967,Orijinal,,[18],,ml
1586776,Spa,"The narrative follows the intertwined lives of people connected to La Paradise, an urban massage therapy centre. It centres on Mathan, a man struggling to distinguish between the reality of love and its fictionalised ideals. Through a sharp lens of social satire, the story explores adult themes and human behaviour within this unique urban setting.","[35, 18]",,ml
1427822,Valathu Vashathe Kallan,A police officer being investigated for his role in a woman’s death rushes to save his son from her vengeful father.,"[80, 53, 18]",,ml
440858,Oru Mexican Aparatha,The student politics in a government college has for long revolved around the students' organisation KSQ. Subhash and Paul attempts to change the political scenario by launching a new movement called SFY based on their ideologies.,"[28, 18]","friendship, political party, fight, politics, rebel, revolution, college, campus, friends, election, party flag",ml
1744399,Vidaparayan Mathram,"Jayashankar and Aarathi lead a happy married life. However, soon, because of petty ego issues, they decide to get divorced.",[18],,ml
1746900,Prabhatham Chuvanna Theruvil,,[18],,ml
1396869,Diés Iraé,"Rohan's affluent lifestyle spirals out of control as he becomes convinced there is a supernatural entity in his home. As he starts to uncover the mystery, he is drawn into unexpected worlds and alliances, along with the horrors that lie ahead.","[27, 53]",,ml
1616268,Aroopi,"A vengeful Yakshini, once sealed inside a doll at the Aryanattu estate, is accidentally unleashed by two thieves. When a brutal murder draws Niranjan, the last surviving heir of the lineage, back to his ancestral home, he must confront an ancient curse and the dark secrets surrounding his family's past.","[27, 53]",,ml
1731821,Rotten Society,"When a missing news reporter's camera resurfaces, it reveals fragments of a deadly political conspiracy, murder, and corruption hidden from the public. As the footage falls into the hands of a disturbed stranger who continues recording his own descent into chaos, the camera becomes a chilling witness to an escalating nightmare where truth is as dangerous as the people trying to bury it.","[80, 53]","cover-up, murder, found footage, political corruption, political conspiracy, digital camera, lost tapes, pov",ml
1650403,Superglue,Art assistant Ryan wants to leave Crispin’s crew and something personal of Freddy’s goes missing.,[35],"music video, culture, style, malayalam, short film, comedy",ml
1677340,Secret of Kalinga,"A college sits on ancient Kalinga kingdom land. Behind it, a forest well holds a princess's spirit, imprisoned centuries ago. Students accidentally break the seal on New Year's Eve, triggering comedic chaos.","[27, 35]","amused, appreciative",ml
1544847,Pradhama Drishtya Kuttakkar,Follows a woman constable who joins the police force through appointment after the death of her husband.,"[80, 18, 53]",,ml
1309121,Anomie,"Zaara, a relentless sister seeking answers in her brother's unresolved case, confronts a police officer after days of failed investigation. As faith in the system erodes, she pursues the truth on parallel paths, leading to a haunting revelation.","[80, 53]","forensic investigation, crime thriller, investigative thriller",ml
1706100,Tharkkam,,"[18, 53]",,ml
1771777,United Girish AD Movie,,[],,ml
1054493,Pennum Porattum,"When a woman and her dog face public hostility, a village's hidden tensions erupt. A stark examination of mob mentality, social judgment, and how communities can turn cruel when seeking to punish perceived wrongs.","[35, 18]",,ml
1404380,Saptha Kandam,"In a remote resort, newlyweds Apsara and her husband, Laalu, face a dangerous bet with the wealthy moneylender, Madhavan, who seeks to claim Apsara. Over the course of seven days, Madhavan attempts to seduce her through discussions of an ancient book on lust. Meanwhile, Apsara, determined to remain faithful, battles his advances. The outcome of the bet hinges on her ability to resist his manipulation and maintain her resolve.","[18, 10749]",,ml
1398014,Prakambanam,A group of students' lives are thrown into chaos after one of them is possessed by the spirit of an elderly woman.,"[27, 35]",comedy horror,ml
1375987,Faces,"Nitya grapples with post-traumatic stress disorder after her partner, Michael, vanishes. Consequently, she identifies his features in strangers while investigating the mystery of his disappearance.","[9648, 53]",,ml
1774067,Gaandharvam,,[18],,ml
244049,Drishyam,"Georgekutty lives a happy life with his wife and daughters. Things take a turn when his daughter gets indecently filmed using a hidden camera, by the son of a police inspector.","[53, 80, 18]","police, twist, hidden camera, murder, family, death, quarry, cable tv, false evidence, bollywood",ml
1652778,Operation Tral,,"[18, 53]",,ml
330509,Keralotsavam Mission 2009,Padmanabhan Embranthiri (Nedumudi Venu) is running an institution viz. 'Kalanikethan' . He is invited to perform the Kerala art forms on the stage of a cultural festival named Keralotsavam 2009. His daughter Ganga (Vishnu Priya) was doing research in Mohiniyattam. So she was entrusted in doing all the arrangements of the programme.  Sandeep Subramanyam (Vinu Mohan) arrives there to perform Kalaripayattu. There he meets Ganga and falls in love. But he is a terrorist named Javed Ibrahim in disguise and his mission is to blast a bomb during the Keralotsavam event. The terrorist group aims to destroy the communal harmony and evoke a riot. Whether or not Sandeep aka Javed succeeds in the mission forms the climax of the movie.,"[28, 18]",,ml
1070170,Derby,"A campus entertainer who follows a group of college students navigating friendship, rivalry, love, and ambition. What begins as carefree fun soon turns into intense competition as campus pride and personal egos come into play.","[28, 35, 10749]",,ml
1746206,RomCom,,"[10749, 35]",,ml
922128,RJ Madonna,"RJ Madonna decides to spend a day lonely with the love of her life but arrives at a completely unfamiliar place, ends up spending it with a complete stranger, who knows deep secrets of her life.",[53],,ml
1261125,Thudarum,A taxi driver finds himself embroiled in a dangerous conspiracy after his car is confiscated by a corrupt police officer.,"[28, 18, 53]",,ml
659084,The Kung Fu Master,"The lives of two martial arts instructors are upended when they become the targets of a gang, who decide to assassinate the brother and sister duo.","[28, 80]",,ml
495570,Paathi: The Half,"Kammaran, an artist who volunteers at the local health centre, is haunted by his past deeds of helping with foeticides. To escape reality, he immerses himself in Theyyam, a ritual form of dance.",[18],,ml
937053,Neymar,Neymar tells the story of two friends who buy a Dog named Neymar.,"[35, 18, 10751]",,ml
847268,Veyil Vizhave,"A lonely man in his 70s finding a new meaning to his life after meeting a young bubbly home nurse, who comes to take care of him. The film is a journey through these two characters.",[],,ml
412711,Karinkunnam 6's,Vandana and Aby are outstanding volleyball players. An accident changed Aby's life forever. Aby is so disheartened that his dream will never come true. Vandana sets off to Central Jail to select efficient players to fulfill Aby's wish.,[18],sports,ml
1069945,Manjummel Boys,"A carefree vacation turns into a desperate race against time when a group of lifelong friends must unite to save one of their own from a notoriously perilous, uncharted abyss deep within the Guna Caves.","[12, 53, 18]","affectation, bold, hopeful, joyful",ml
1533384,Bhishmar,"Two men meet by chance, setting off a night of chaos with romance and action, as their paths cross and intertwine through various unexpected events.","[35, 53]",,ml
1552555,TWERK,"A mother, a dancer, and a rebel at heart, Diya lives under the weight of a matriarchal and orthodox household. In a quiet act of defiance, she secretly sneaks out to rediscover the art of dance, igniting a chain of challenges that threaten to unravel her world. As family tensions rise and secrets come to light, Diya must confront her passion, fears, and the true meaning of individuality, proving that resilience can rewrite even the strictest expectations.","[35, 18, 10751]","dancer, twerking",ml
938497,Oh Meri Laila,A college student's romantic pursuits are disrupted when he falls in love with a mysterious new girl in college. Chaos ensues as the power of love takes hold.,"[10749, 35]",,ml
1126815,Sunday,A drama short film about two friends who regularly get to meet every weekend and they spend a Sunday chatting and how things take a turn from there.,"[18, 10751, 35]","family drama, relationship drama, religious drama, drama",ml
1574101,Bhavum,"Journalist Joy and his professor wife, Latha, live a comfortable if unremarkable life in coastal India. When Latha's sister, Subadra, unexpectedly arrives, the strain on Joy and Latha's troubled marriage is further exacerbated by this new development. Seemingly on the run from a murder investigation, Subadra draws Joy's attention away from Latha. Joy also struggles with his employer, who is linked to a company suspected of poisoning a water supply.",[18],,ml
473032,24 Hrs,An innocent man gets mistaken to be the killer of a mafia don's brother. The don orders the man dead in 24 hours.,[],,ml
547227,Drama,"Set in UK, Drama follows the hilarious yet enthralling journey of a funeral director, who sets out to fulfill the final wish of one of his clients.",[35],"england, funeral, dead wish, funeral director",ml
657644,Minnal Murali,A tailor gains special powers after being struck by lightning but must take down an unexpected foe if he is to become the superhero his hometown in Kerala needs.,"[28, 35, 14]","superhero, supervillain, weekend cinematic universe (wcu)",ml
947036,Sukhamano Sukhamann,"Theo, an ambulance driver stigmatized by his town, begins seeing visions of deceased people he transports. His troubled mind, shaped by childhood loss, creates these apparitions as emotional substitutes for connection.","[14, 35, 18]",,ml
1068177,Mela,,"[28, 35]",,ml
1589370,The Ride,,"[18, 53]",,ml
1735367,Njan Kathorthirikkum,,[18],,ml
618425,A for Apple,"Achu, a runaway orphan, comes back looking for his childhood sweetheart, Vishnupriya. But time has changed her and he will have to win her over. Meanwhile Vishnupriya, now a rebel activist, is looking for answers from her past, has her own demons to deals with and has no time for love. So, Achu joins her in her quest to find answers from her past.","[18, 10749]",,ml
1281091,Officer on Duty,"A demoted police inspector investigates a counterfeit jewelry racket, becoming entangled in a dangerous web of crime that puts his life at stake.","[80, 53]",,ml
1070186,Eko,"In the misty hills of Kaattukunnu, an aging woman and her servant boy struggle to survive the ghosts of the past, as the hunt for Kuriachan — a legendary dog breeder and outlaw — blurs the line between myth, memory, and vengeance, revealing that even in absence, he still rules the hills.","[18, 9648]","karnataka, montagnes, région kerala",ml
786128,Freedom @ Midnight,"On a rainy evening, Chandra decides to reveal an intimate matter to her husband, Das. It would change their worlds forever shattering whatever they had known about each other. Would they be having the strength to continue their lives as usual after realizing that truth?",[18],,ml
515252,Excuse Me Ethu Collegila?,"Anathan and Appukuttan are two young friends who come to the city to chase their dreams. They go through a lot of difficulties and venture into the real estate field while also meeting a girl, both of which change their lives.",[],,ml
945167,Iratta,"After a cop is found dead, a policeman's investigation sparks a chilling search for the truth connected to his estranged twin and their fraught past.","[18, 53]",twins,ml
1771190,Priyathaman,,[],,ml
1509694,Ashakal Aayiram,"A social media enthusiast chases fame until a major film production arrives in his neighborhood, suddenly bringing his dreams of stardom within reach in ways he never imagined.","[35, 18]",,ml
624582,Love Action Drama,"Dineshan is in love with Shoba, but she insists he give up smoking and drinking before marriage. It’s easier said than done, but will love triumph?",[35],,ml
1538457,Meesaya Murukku 2,"After facing rejection in love and getting into a fight, Jeeva learns about his father Siva's struggles and sacrifices. Inspired by his grandfather's legacy and father's dedication, Jeeva changes his outlook and works hard toward his musical dream. Through determination and perseverance, Jeeva earns recognition in the music industry and brings pride to his family.","[35, 10749, 18]",,ta
1408162,Vishwanath & Sons,A celebrated Olympian shooter travels to America looking for a donor to help his sick child — but unexpected romance complicates his search.,"[18, 10749, 35]","age-gap relationship, amused",ta
1685882,Modha Rathri,"Two strangers are brought together at an unusual wedding where, in one night, too many surprises unfold and several lies are told, spiraling into chaos that changes everything.","[10749, 35]",,ta
921711,Tamil Rockers,4 Major characters running for the Money facing more challenges by forgetting the fact that it's not the decision of money to reach human.,"[35, 53]",,ta
1235877,Jana Nayagan,"A clash of ideologies. One stands for the people, the other feeds on control. Their paths collided once before. Years later, a child’s silent fear ignites the past, drawing a former police officer into a battle far bigger than personal revenge.","[28, 18]","politics, democracy, political leader, inspirational, informative, creative adaptation",ta
1618200,The Dark Heaven,"In the Hill Village of Mekkarai, Where It is Customary for Men to Die Every Seven Years During the Month of June, a Newly Appointed Police Inspector Arrives to Investigate a Series of Mysterious Murders. As He Digs Deeper Into the Village's Dark Secrets and Long-standing Beliefs, He Finds Himself Trapped in a Web of Crime, Fear, and Hidden Truths.","[80, 53]",,ta
1314279,Hi!,"Two individuals initially exchange a simple ""Hi,"" but through a series of chance encounters, shared experiences, and deep conversations, they gradually develop a strong connection and eventually fall in love.","[10749, 18]",,ta
1489543,G.D.N,G.D. Naidu overcomes challenges and defies a repressive colonial regime to become one of India's greatest innovators.,[18],"inventor, biopic",ta
1509599,Gatta Kusthi 2,"Picks up after the first film, with Veera and Keerthi balancing parenthood and Keerthi's wrestling career, featuring a role reversal where Veera takes on more domestic responsibilities.","[35, 18]","sequel, domestic life, professional wrestling, gender role reversal",ta
1515729,Blast,A seemingly ordinary family must unleash their hidden martial arts skills when they clash with a ruthless criminal gang tied to corruption and violence.,"[28, 53]","martial arts, karate, home invasion, intense, amused, bollywood",ta
1479832,DC,Rebel Devadas  joins forces with Chandra in a dangerous world where passion and peril collide. Their turbulent alliance demands bloodshed and tests loyalties as survival becomes the ultimate stake in their fight.,"[10749, 28, 18]","robbery, gangster, murder, extortion",ta
1367220,Karuppu,"In a world where justice falters, guardian deity Vettai Karuppu takes the guise of a lawyer to battle a corrupt legal system preying on the powerless.","[28, 14]","crooked lawyer, lawyer, taunting, political corruption, hindu god, supernatural drama, corrupt legal system, crime drama",ta
1432631,Idhayam Murali,"A young man navigates the complexities of unrequited love, finding that even as years pass and life takes unexpected turns, certain emotions remain deeply embedded in his heart.","[10749, 35, 18]","one-sided love, nostalgia, coming of age, amused, cheerful",ta
1561687,Made in Korea,A woman from a small town in Tamil Nadu moves to South Korea — a place she always dreamed of — but struggles to find her footing in a foreign land.,[18],"foreigner, south korea, seoul, south korea",ta
1542352,Youth,"Youth follows Praveen, a 15-year-old boy who enters adolescence determined to find true love before school ends. As he goes through multiple relationships and heartbreaks, he slowly begins to understand what love truly means. Along the way, the experiences shape his growth, maturity, and outlook on life.","[35, 10749, 18]",,ta
1428418,D56,,"[28, 18]","priest, rural life, rural india",ta
1433117,Kara,"A thief tries to go straight, but when predatory banks trap his father in debt, he returns to crime — with a determined cop closing in on his trail.","[80, 18, 53, 28]","gulf war, robin hood, heist, thief, bank heist, cotton farmer, farmers exploitation, money heist, helping people, farmers",ta
1088615,Anaagarigam,Story of a newly married professor who suffers his whole life for having an affair with his student.,"[18, 10749]",b-grade,ta
1578079,Dorothy,"Set in a world shaped by caste, violence, and toxic masculinity, two childhood friends grow up inseparable in rural Tamil Nadu. Their lives are transformed by the arrival of Dorothy, a woman whose compassion quietly challenges the world around them.",[18],"gender dysphoria, caste system, gender identity, transgender, patriarchal society, hypermasculinity, gender non conforming",ta
1088602,Shanthi Appuram Nithya,An erotic movie that depicts how innocent women fall for bad boys and how those men treat them without any courtesy.,"[18, 10749]",b-grade,ta
1234139,Jailer 2,"Following the events of ""Jailer"",  former ruthless police officer Muthuvel Pandian must come face-to-face with an even larger threat.","[28, 35]",,ta
1153399,Coolie,"Deva, once living a quiet life, is shaken when his close friend dies under suspicious circumstances. Determined to uncover the truth, he infiltrates a powerful gang operating in the shadows. As he investigates, Deva becomes entangled in a dangerous web of crime, betrayal, and secrets from his own past, forcing him to confront powerful enemies while protecting the ones he loves.","[28, 53, 80]","criminal underworld, hidden past",ta
1513640,Power House,,"[28, 53, 18]",,ta
1668157,Muthana Muthallavo,"Muthu, a villager, loves Lakshmi but she falls in love with his educated brother, Kannan. Kannan is forced to eke out a living in the big city after he loses money gambling, but is soon estranged from Lakshmi by her plotting sister Leela. Does Lakshmi unite with Kannan?",[18],,ta
69512,Kutty,"Kutty, a kind young man, falls in love with Geeta, but she does not reciprocate his love. He continues to love her even after learning that she is in love with Arjun, her college-mate.",[10749],,ta
1538273,Pyaar Prema Kalyanam,"When a bride refuses to leave her family home after marriage, her husband must find out if he can adjust to life under his in-laws' roof.","[10749, 35, 18]","marriage, dramedy, feelgood, heartfelt, romantic, social issue drama, family relationship",ta
1515692,Baththa,"In 1986 Madras, a timid eight-year-old boy accidentally traps a feared gangster inside a deserted school toilet. As the gangster is forced to confront hunger, loneliness and his own vulnerability, an unlikely bond begins to grow between the two, changing their lives forever.","[53, 18]",,ta
1655049,Habeebi,Follows a boy and girl in a Muslim neighbourhood in southern Tamil Nadu whose romance divides their community.,[18],,ta
1318304,Once More,"Raghu, a man caught up with a deep hold of grief comes across Anjali, who is spinning everything in her capacity to win him over. The love you gave away always comes back they say. In one way or other. Sometimes from a different human. This is a story of love coming back into the life of someone who doesn’t want to take it. A tale of second chances.. happy healing and bitter sweet closures.","[10402, 10749, 35]",,ta
1770843,Witness,"A serial killer known to target prostitutes is on the run. Vikram, a policeman, investigates the case and embarks on a mission to track him down.","[80, 53]",,ta
1225458,Sevappi,"A five year kid who lives in a remote village in Tamilnadu imagines that, he has given birth to a Chicken. His love towards the chicken is limitless. All limitless emotions and scenarios involving them have faced a rough road, likewise the impeccable love of this 5 year boy happens to be the root cause of a family dispute, which later turns out to be a caste issue and then finally an issue on which the entire village fights upon.",[18],,ta
1465943,Mandaadi,"A fishing captain applies his maritime knowledge in a traditional boat race along Tamil Nadu's coast during a festival, leading a six-person team against other crews.","[28, 18]","sea, boat race, action, sea action",ta
1118224,Maharaja,"A barber seeks vengeance after his home is burglarized, cryptically telling police his ""Lakshmi"" has been taken, leaving them uncertain if it's a person or object, jeer at his request until they learn what they're really looking for.","[28, 53, 9648]","grim, non linear, drama, action, crime, exhilarated, 因果报应",ta
273866,Vai Raja Vai,"Karthik, who has ESP, helps his friend Panda win a betting game with his power, but this lands him in trouble with Randhai, the gangster who funded the betting operation, who, now, wants him to use his power and make a killing at a casino.","[10749, 53]",future vision,ta
1770824,Varaprasadham,"An innocent Thilak is implicated in his friend Ravi's murder case. However, his father decides to take matters into his own hands and save his son using a carefully devised plan.",[18],,ta
1273049,Dragon,"Raghavan transforms from a school topper into a “bad boy” to score girls in college, but ends up a heartbroken dropout. He then cons his way into a successful finance career, but the lies keep building and maintaining the facade proves tricky.","[35, 10749, 18]","relationship, madcap comedy, college life",ta
949229,Leo,"Parthiban, a cafe owner, lives with his family in Himachal Pradesh. Things take an absurd turn for him when he gets in the way of a drug cartel.","[28, 80, 53]","leo, vijay beast, exhilarated, lcu, thalapathy vijay, vijay leo, lokesh cinematic universe (lcu)",ta
1590380,Ram and Leela,"A repeatedly unlucky man finally finds the woman of his dreams, only for an unexpected twist to challenge his understanding of love and commitment.","[10749, 35]",,ta
1602337,Parimala and Co,"A dark comedy centered around a chaotic family whose tangled relationships and unpredictable situations lead to emotionally charged and absurd moments, blending humor with underlying tension and drama.","[80, 35, 9648, 53]",,ta
21463,Roja,"Roja, a simple girl from a village in Tamil Nadu, makes desperate efforts to find her husband, Rishi, after he is kidnapped by militants during a secret undercover mission in Kashmir.","[18, 28, 10749]",romance,ta
487593,Irumbu Thirai,"Kathiravan, a major in the Indian army with anger management issues, is compelled by circumstances to borrow a loan from a bank with false documents. When the entire money in the account vanishes, Kathiravan tries to track down the scamsters, and it leads him to White Devil, a master hacker.","[28, 53]","hacker, hacking, information leak, deepweb, darknet",ta
1602783,Thaai Kizhavi,"An elderly and feared moneylender from a village near Madurai falls seriously ill, prompting her estranged sons and extended family to reunite after years of separation. As tensions rise inside the household, hidden motives, family conflicts, and expectations over her wealth turn her uncertain condition into the center of a chaotic family drama.","[35, 18]",,ta
927342,Amaran,"A heroic true story of Major Mukund Varadarajan, an Indian Army officer who displayed extraordinary bravery during a counterterrorism mission in Kashmir’s Shopian district. The film captures his courage in protecting his nation and the devotion of his wife Indhu Rebecaa Varghese.","[28, 18, 12, 10752]","based on novel or book, affectation, based on true story, martyr, indian army, counterterrorism, loving, 2010s, indian history, admiring, hopeful, based on real person, ashoka chakra, indian military",ta
1126723,Mr. X,Centers on secret intelligence agency cases involving five major national threats that were thwarted through covert operations.,"[28, 53]","secret agent, covert operation, raw, raw agent, covert operations",ta
261366,Sorgam,"Sankar is an ambitious man who wants to make it big through fair means. However, the friend he works under, Sampath, begins to use corrupt measures to make them rich.",[18],,ta
1565790,Double Occupancy,"Rajini transforms between woman by day and man by night, hiding this gender swap from partners creating tangled complications.","[10749, 18, 14]",,ta
1500822,Love And Love Only,Upcoming Romantic Drama starring Harish Kalyan. Directed by Andhagaaram fame V. Vignarajan,"[10749, 18]",,ta
280165,Thani Oruvan,An idealistic cop and an ambitious scientist-businessman indulge in a high-stake battle of wits.,"[53, 28]","police hunt, archvillain",ta
940711,Baghdad Perazhagi,"When Prince Abdullah returns home after completing his higher education, he learns that his mother and sister have gone missing. He decides to search for them while his father falls for a dancer.","[36, 18]",,ta
1257957,Bison Kaalamaadan,A young man fights to overcome violence plaguing his village and succeed as a professional kabaddi player.,"[18, 28]","sports, biography, kabbadi, history, indian sports",ta
261700,Thiruvarutchelvar,"When a dancer makes a king realise the insignificance of the worldly pleasures, he decides to devote his life to the Almighty and starts reciting tales and songs of His greatness.",[14],,ta
1556783,TN 2026,"Set in Pollachi, the story follows a powerful landlord, Sivalingam Mandradiyar, who becomes obsessed with a rising actor, Kukanth Kumar, believing he is the next M.G.R. He pours his wealth into shaping the actor's career and political future. But as ambition and fame grow, so does the risk of downfall. Will it lead to power or ruin?","[35, 18]",,ta
1771277,Aarathi Edungadi,Meera and her wealth are controlled by her stepmother Shakunthala. A stranger accidentally enters her life and pretends to be loyal to Shakunthala until he marries Meera.,[18],,ta
937020,Jailer,"Muthuvel Pandian, a retired, stern yet compassionate jailer lives a peaceful life with his family, but trouble knocks his door when his cop son’s tryst with an antique mafia gang goes awry and forces Muthu to step back into a dark world he had voluntarily took a break from.","[28, 80, 53, 35, 12]","idol theft, retired cop",ta
1317872,Sardar 2,"When the mysterious Black Dagger threatens national security, Inspector Vijay embarks on his most dangerous mission yet. As the battle unfolds, the extraordinary origin of legendary spy Sardar is finally revealed, uncovering the sacrifices that forged a legend and the secrets that could shape the future.","[28, 53]","war on drugs, sequel",ta
804337,Mahaan,"A man's family leaves him when he strays from the path of ideological living in his search for personal freedom. However, as he realizes his ambitions, he also misses the presence of his son in his life. Having fulfilled his dream of becoming a billionaire, does life give him a second chance to be a father?","[80, 28, 18]",,ta
743563,Vikram,"Amar is assigned to investigate a case of serial killings. When Amar investigates the case, he realizes it is not what it seems to be and following down this path will lead to nothing but war between everyone involved.","[28, 80, 53]","entertainer, shootout, investigator, action hero, action thriller, crime organization, lokesh cinematic universe (lcu)",ta
1575753,Battle,"Born mute until the age of ten, a boy rises to fame as a celebrated Rap singer, but the trials of love, fame, and social conflict lead him into turmoil and push him to the edge, until he discovers the true soul and purpose of his art.","[18, 10749]",,ta
1508564,With Love,"Sathya reluctantly agrees to a blind date arranged by his sister and meets Monisha. They discover they attended the same school years ago. Bonding over shared memories and old crushes, they reconnect with their past and grow closer.","[10749, 35]","friends to lovers, modern love, unlikely romance, introvert boy extrovert girl",ta
1561955,Stephen,"A psychiatrist evaluating a self-confessed serial killer unravels a twisted web of trauma, deceit, and psychological manipulation—only to question if the killer is truly guilty or just another victim in a larger, darker game.","[53, 9648]",,ta
432011,Super Deluxe,"An unfaithful newly-wed wife, an estranged parent, a priest and an angry son suddenly find themselves in the most unexpected predicaments, each poised to experience their destiny, all on one fateful day.","[35, 53, 18, 80]","dark comedy, hyperlink cinema",ta
263707,Kaanchi Thalaivan,,"[36, 28, 18]",,ta
148284,Enthiran,"Dr. Vaseegaran creates Chitti, a powerful robot in his own image, but it is rejected by the scientific body AIRD due to its lack of human behaviour and emotions. After a lightning strike triggers emotions in Chitti, he begins to develop human-like feelings. However, Chitti falls in love with Dr. Vaseegaran's fiancée, Sana, and turns against his creator, leading to dangerous consequences.","[28, 878, 12]","android, artificial intelligence (a.i.), love triangle, killer robot, robot, scientist, dual role, humanoid robot, human android relationship, 2030s",ta
786567,Gandhi Talks,"A silent black comedy, about the monetary needs of a character & how it impacts the others. A young, unemployed graduate Mahadev’s struggle to land a job through any means possible and crosses paths with a businessman and petty thief. A subject wherein silence speaks much louder than words. Although a work of fiction by the writer, all the characters in the film are sketched out to seem very real and relatable ensuring an enriching journey as well a laugh riot as the cat and mouse guffaws amongst them unfold. Gandhi Talks aims at telling a story by switching off the device of dialogue, which is not only scary but also interesting and challenging.",[35],"dark comedy, silent film, get rich quick scheme",ta
1510769,29,"A quirky 29-year-old named Sathya embarks on an unexpected journey of laughter, unlikely friendships, and self-discovery. Through hilarious misadventures and chance encounters, he slowly sees life's bigger picture - its surprises, joys, and second chances.","[10749, 35, 18]","thoughtful, introspective, comforting",ta
626392,Master,"An alcoholic professor is sent to a juvenile school, where he clashes with a gangster, who uses the children of the school for criminal activities.","[28, 53, 80]",alcoholic teacher,ta
158653,Athey Kangal,"After four brothers get killed in succession, Vimalanathan and his niece, Susila, are the sole survivors. So, Bhaskar, Susila's lover, tries to find the stalker who is hunting his lover's family.","[35, 9648, 53]",,ta
1321108,Dude,"Childhood friends Agan and Kural are inseparable. When Kural encounters romantic troubles, Agan must balance his hidden feelings for her with his desire to ensure her happiness.","[28, 35, 18, 10749]",,ta
66309,Naan Vazhavaippen,A patient suffering from brain tumor lives with his old mother and sister with special needs. He accepts blame for a murder he did not commit in exchange for money to provide for his family.,"[28, 18]",,ta
227062,Vanakkam Chennai,"Tricked by a fraudster, Ajay and Anjali are forced to stay in the same flat. They gradually warm up to each other and start getting romantic notions but the arrival of Deepak, Anjali's fiance, puts them in a dilemma.","[10749, 35]",,ta
1518247,Happy Raj,"A city romance meets a rural family invasion. What follows is chaos, comedy, and heartfelt moments. The story unfolds as a joyful entertainer that explores love, cultural clashes, and the importance of family bonds.","[10749, 35, 18]",,ta
1771845,Sevatha Ponnu,,[18],,ta
1617089,Vengeance,"Vengeance follows a young woman with a mysterious past that slowly comes to light. Driven by an unrelenting purpose, she transforms into someone capable of crossing any boundary to fulfill her mission. Each obstacle she faces only sharpens her resolve, pulling her deeper into a ruthless path.",[18],,ta
1740942,Photographer,"Photographer follows Veera, a troubled and obsessive photographer determined to prove his worth in a world that has long dismissed him. Driven by ambition and haunted by a painful past, he ventures deep into Mathikettan Solai, a mysterious reserve forest, to capture a rare and elusive natural phenomenon that could change his life forever.","[14, 9648, 53]",,ta
1652180,Neelira,A wedding eve in 1988 Sri Lanka turns into a hostage standoff when Indian Army soldiers occupy a family's home overnight.,"[53, 10752]","civil war, marriage, sri lanka, ceylon, war",ta
1771250,Ivargal Varungala Thoongal,"An honest police officer and a professor rehabilitate a bunch of students, who are addicted to drugs, and start a revolution against corrupt politicians.",[18],,ta
949468,Ayiram Muthangal,"Murali and Shakthi are in love with each other. But unfortunately, his father disapproves of their relationship and he is forced to marry another woman.",[10749],,ta
1209511,Love Insurance Kompany,"In 2040, an app premised on ensuring romance for all is used widely by the population. When the voice behind the app's AI realizes its misconception to true love, he embarks on a quest to prove that love does not come from a screen.","[10749, 878, 35]","artificial intelligence (a.i.), soulmates, matchmaking, futuristic society, 2040s, near future, dating app, tech company, mobile app, robots",ta
896453,Flashback,,"[10749, 35, 28]",,ta
949716,Vidaamuyarchi,"While struggling with his broken marriage, Arjun is pulled into a desperate search for his wife, Kayal, when she goes missing during a road trip.","[28, 18, 9648, 53, 80]","remake, failing marriage, marital discord, criminally insane, road battle, impending divorce, search for wife, unofficial remake, vehicle breakdown",ta
1623927,Granny,"Granny is an upcoming film directed by Vijaya Kumara, starring Vadivukkarasi, Dhileepan, Singampuli, Gaja Raja, Ananthu Nag, and Aparna in prominent roles.",[27],,ta
134696,18 Vayasu,"8 Vayasu is all about a mentally unstable youngster, who falls in love. Be it happiness or anger, he has a unique way of expressing it. Whenever he is depressed, he takes on the behaviour of an animal that he sights first.It released on August 24, 2012 and received negative reviews.","[10749, 28]",,ta
835017,Varisu,"Vijay, The prodigal son of business tycoon Rajendran agrees to take over the reins of the business, much to the chagrin of his brothers. But can Vijay prove himself to be a worthy varisu and also reunite his now-broken family?","[28, 12]",,ta
66430,Kurathi Magan,"Malaikottai ostracises his wife and blames her for not being chaste. After she gets thrown out of the village, she takes her son and decides to give him a good education.",[18],,ta
1381973,Oru Iyakkunarin Kadhal Diary,A story of a film director and his experience in film industry.,"[18, 10749]","age-gap relationship, soft porn, b-grade",ta
255812,Parakkum Paavai,Jeeva decides to protect Kala Devi who joins a circus company after her father's death as she inherits enormous wealth and has a threat to her life.,[18],,ta
536464,Vilaiyaattu Pasange,"The simplicity of chaotic life struggles, the beautiful relationship between a man and his son, a man and the apple of his eye, and a funny yet comical bonding among three loyal friends who have each other for love, support and brotherhood.","[35, 18]",,ta
1136423,Meiyazhagan,"Twenty-two years after losing his home, Arulmozhi Varman returns to his native Thanjavur to attend his cousin's wedding. Amidst the celebrations, Arul is reintroduced to an upbeat man whom he cannot recall. With the help of the unknown man, Arul reconnects with his past.","[10751, 18]","family, admiring",ta
262414,Agathiyar,"In an adventurous journey of spreading goodness on earth and by contributing to Tamil literature, Sage Agathiyar faces challenges at various phases of his journey.",[18],,ta
330418,Indru Netru Naalai,"Elango and his astrologer friend Pulivetti Arumugam come in possession of a time machine and start profiting from it. However, their meddling with time prevents the death of a gangster, who begins to wreck havoc in their lives.","[35, 878, 53]","time travel, time machine, car accident, boyfriend girlfriend relationship, lost and found, cold blooded killer, astrologer, unintended consequences, father daughter relationship, change the past, best friends",ta
1297181,Madharaasi,"A man with a psychological disorder overcomes trauma and confronts his nemesis in a fast-paced action film with romance and unique elements, exploring themes of resilience and redemption.","[28, 10749, 53]","terrorist attack, psychological disorder",ta
1749049,Uliyin Osai,"When a king needs a sculptor for his temple, his son finds one named Iniyan. Thereafter, Iniyan meets and falls for an elusive dancer named Chamundi without knowing the truth about her.","[36, 10749]",,ta
321812,Manasukkul Mathappu,"A man is shattered and loses his sanity after the woman he loves dies. In the mental asylum, his doctor falls in love with him but her father is against their union.",[18],remake,ta
1629469,Sweety Naughty Crazy,"Shiva, a charming college student juggling three different relationships. As he tries to keep them secret, love, lust, and chaos collide in a playful mix of adult humor, romance, and comedy.","[10749, 35, 18]",,ta
1760632,Maakaali,,[],,ta
660046,Ponniyin Selvan: Part I,"The Chola kingdom is under threat from forces both internal and external, and with crown prince Aaditha Karikalan, his younger brother Arunmozhi Varman and the emperor, Sundara Cholar separated by situations, it is up to a messenger to ensure the safety of the kingdom. Can he succeed in his mission, especially with Karikalan's former girlfriend, Nandhini, plotting to bring down the entire Chola empire?","[28, 12, 36]","based on novel or book, heir to the throne, historical fiction, journey, history of india, 10th century, indian empire",ta
946793,Vani Rani,"Identical twins Vani and Rani are separated at birth. One is tortured by her abusive aunt while the other grows up as a street performer. However, their lives change forever when they swap places. A remake of 1972 Hindi film Seeta Aur Geeta.","[35, 18]",,ta
613703,Kadaisi Vivasayi,"Maayandi, the only farmer in a village that has abandoned farming, is charged with a petty case that leads to his imprisonment.",[18],farmers exploitation,ta
541145,Kadal Kuthiraigal,A school in a remote village gets a swimming coach who turns the fortunes of its students.,[18],"refugee, swimming instructor",ta
1377947,STR51,,"[14, 35, 18]","paradise, relationship, cupid, godlike power, godly powers",ta
